aa,P-8_,P-7_,P-6_,P-5_,P-4_,P-3_,p_neg_2_prime,p_neg_1_prime,p1_prime,p2_prime,P3_,P4_,P5_,P6_,P7_,P8_
A,84,96,75,96,90,80,65,84,139,76,83,80,72,73,91,83
C,3,6,5,10,6,8,22,10,1,2,4,1,7,2,1,1
D,45,58,93,40,39,37,45,133,51,51,90,36,61,112,120,82
E,74,108,68,57,78,93,87,143,73,73,86,71,55,96,67,103
F,28,50,42,66,91,10,7,17,19,21,35,45,50,23,34,53
G,84,59,94,85,60,62,64,100,74,145,73,102,82,56,64,69
H,31,25,13,21,22,19,23,8,10,32,31,17,20,17,22,9
I,53,46,62,50,40,31,31,46,25,77,52,58,49,42,46,82
K,73,58,80,81,85,83,86,53,86,42,58,76,88,92,84,87
L,86,67,73,114,52,100,63,100,62,84,92,76,85,58,85,64
M,15,29,25,22,36,0,32,53,60,43,20,24,21,22,29,32
N,39,34,7,35,26,40,32,17,43,35,16,51,30,25,47,26
P,36,34,37,40,37,44,44,23,24,77,54,74,118,77,83,75
Q,43,35,25,50,41,59,79,33,66,37,72,49,80,58,32,27
R,64,62,51,49,56,42,67,46,54,57,52,43,37,73,38,48
S,55,44,50,39,55,44,90,28,81,45,45,82,39,39,66,47
T,52,42,85,43,52,39,72,29,57,63,96,67,51,59,53,45
V,86,80,73,63,93,50,74,80,120,71,66,73,85,120,78,94
W,6,15,5,2,1,123,3,1,3,6,11,13,7,3,4,6
Y,9,19,8,10,15,24,13,16,0,0,0,0,22,11,13,21